url,name,address,city,state,phone
http://lacdubonnetdental.com/,Lac Du Bonnet Dental Clinic,"îƒˆ39 Park Ave, Lac du Bonnet, MB R0E 1A0, Canada",MB R0E 1A0,Canada,î‚°+1 204-345-6864
https://rcmp.ca/en,Royal Canadian Mounted Police (RCMP),"îƒˆShamattawa, MB R0B 0C6, Canada",MB R0B 0C6,Canada,î‚°+1 204-565-2351
https://www.lorettedental.com/site/home?utm_source=G&utm_medium=LPM&utm_campaign=DentalCorp,Results,"îƒˆ1309 Dawson Rd #102, Lorette, MB R5K 0S2, Canada",MB R5K 0S2,Canada,î‚°+1 204-515-1596
https://blissdental.ca/,Sabeen Rafat,,Shamattawa,MB,î‚°+1 204-800-8200
https://auroradental.ca/,Aurora Dental Clinic,"îƒˆ50 Selkirk Ave Unit 15, Thompson, MB R8N 0M7, Canada",MB R8N 0M7,Canada,î‚°+1 204-677-3935
http://lakeviewdentalgimli.com/,Gimli Lakeview Dental Clinic,"îƒˆ31 Centre St, Gimli, MB R0C 1B0, Canada",MB R0C 1B0,Canada,î‚°+1 204-642-8393
http://www.beausejourdental.ca/,Beausejour Dental Centre,"îƒˆ312 Fourth St N, Beausejour, MB R0E 0C0, Canada",MB R0E 0C0,Canada,î‚°+1 204-259-2417
http://www.pembinavalleydental.net/,Pembina Valley Dental,"îƒˆ260 Roblin Blvd E, Winkler, MB R6W 0L1, Canada",MB R6W 0L1,Canada,î‚°+1 204-325-4774
https://m.facebook.com/people/Up-North-Dental-Clinic/100064992249224/,Up North Dental Clinic The Pas,"îƒˆ328 Fischer Ave, The Pas, MB R9A 1K4, Canada",MB R9A 1K4,Canada,î‚°(844) 799-3478
http://www.thepasdental.ca/,The Pas Dental Clinic,"îƒˆ438 Fischer Ave, The Pas, MB R9A 1M8, Canada",MB R9A 1M8,Canada,î‚°+1 204-623-3544
https://www.fortrichmonddental.com/site/home?utm_source=G&utm_medium=LPM&utm_campaign=DentalCorp,Fort Richmond Dental Centre,"îƒˆ2855 Pembina Hwy #50, Winnipeg, MB R3T 2H5, Canada",MB R3T 2H5,Canada,î‚°+1 431-813-9213
http://steinbachdentalclinic.com/,Steinbach Dental Clinic,"îƒˆ462 Main St, Steinbach, MB R1A 1V1, Canada",MB R1A 1V1,Canada,î‚°+1 204-326-6494
https://onlinebooking.engageb.com/#/6e705ec6-8dbb-4b37-afeb-94ea6912894c,Somerset Dental Centre,"îƒˆCentennial Blvd, Somerset, MB R0G 2L0, Canada",MB R0G 2L0,Canada,î‚°+1 204-744-2230
http://www.pineridgedentaloakbank.ca/,Pine Ridge Dental,"îƒˆ30 CO-OP Dr Unit 1, Oakbank, MB R5N 0N9, Canada",MB R5N 0N9,Canada,î‚°+1 204-444-4430
https://www.eastmandentalgroup.com/,Eastman Dental Group - Dental Clinic Beausejour,"îƒˆ431 Park Ave #1, Beausejour, MB R0E 0C0, Canada",MB R0E 0C0,Canada,î‚°+1 204-268-4840
http://gallerydental.com/,"Gallery Dental Carman, MB","îƒˆBox 87, 360 4 St SW, Carman, MB R0G 0J0, Canada",MB R0G 0J0,Canada,î‚°+1 204-745-3770
https://www.southwooddentalcentre.ca/site/home?utm_source=G&utm_medium=LPM&utm_campaign=DentalCorp,Southwood Dental Centre,"îƒˆ1921 Pembina Hwy #7B, Winnipeg, MB R3T 2G7, Canada",MB R3T 2G7,Canada,î‚°+1 431-814-8363
http://creekvillagedental.com/,Creek Village Dental,"îƒˆ55 Sage Creek Blvd #511, Winnipeg, MB R3X 0N3, Canada",MB R3X 0N3,Canada,î‚°+1 204-256-1639
https://vistaplacedental.net/?utm_source=GMB_Listing&utm_medium=organic&utm_campaign=GMB,Vista Place Dental Centre,"îƒˆ1633 St Mary's Rd Unit C, Winnipeg, MB R2N 3X9, Canada",MB R2N 3X9,Canada,î‚°+1 204-257-7635
https://markhamdentalcentre.ca/?utm_source=GMB_Listing&utm_medium=organic&utm_campaign=GMB,Markham Dental Centre,"îƒˆ2265 Pembina Hwy #100, Winnipeg, MB R3T 5J3, Canada",MB R3T 5J3,Canada,î‚°+1 204-269-1144
http://pinawadental.com/,Pinawa Dental Clinic,"îƒˆ34 Vanier Ave, Pinawa, MB R0E 1L0, Canada",MB R0E 1L0,Canada,î‚°+1 204-753-2787
https://www.southerncommunitydental.ca/?utm_source=google&utm_medium=wix_google_business_profile&utm_campaign=13308848196706862698,Southern Community Dental Care,"îƒˆ2725 Pembina Hwy, Winnipeg, MB R3T 2H5, Canada",MB R3T 2H5,Canada,î‚°+1 204-813-6111
http://www.shinedental.ca/?utm_source=google&utm_medium=organic&utm_term=gbp-listing,Shine Dental,"îƒˆ1104 Pembina Hwy, Winnipeg, MB R3T 1Z9, Canada",MB R3T 1Z9,Canada,î‚°+1 431-816-6971
http://dentouch.ca/,DenTouch Dental Clinic,"îƒˆ257 Osborne St Unit 400, Winnipeg, MB R3L 1Z6, Canada",MB R3L 1Z6,Canada,î‚°+1 204-560-5111
https://www.gardencitydental.com/?utm_source=GMB_Listing&utm_medium=organic&utm_campaign=Website_URL,Garden City Dental Centre,"îƒˆ1295 Leila Ave, Winnipeg, MB R2P 2Z3, Canada",MB R2P 2Z3,Canada,î‚°+1 204-694-2042
http://granddentureclinic.com/,"Grand Denture Clinic, Timo Gerzen D.D.","îƒˆ20 Hyw 52 west #102B, Steinbach, MB R5G 2L2, Canada",MB R5G 2L2,Canada,î‚°+1 204-326-7672
https://onlinebooking.engageb.com/#/ecc3af7c-bcb4-4956-b17e-daa66c4dc24e,Dr. Sen & Sen Family Dental Clinic,"îƒˆ759 Henderson Hwy, Winnipeg, MB R2K 2K7, Canada",MB R2K 2K7,Canada,î‚°+1 204-663-2700
http://www.aspiredentalcentre.ca/,Dr. Laura Fletcher,"îƒˆ260 Roblin Blvd E, Plum Coulee, MB R6W 0L1, Canada",MB R6W 0L1,Canada,î‚°+1 204-325-4774
http://winklerdentalclinic.com/,Winkler Dental Clinic,"îƒˆ500 Main St N, Winkler, MB R6W 1J3, Canada",MB R6W 1J3,Canada,î‚°+1 204-325-4343
http://hanoverdentalclinic.ca/,Hanover Dental Clinic,"îƒˆUnit 33A-178 PTH 12N, Clearspring Centre, Steinbach, MB R5G 0Y1, Canada",MB R5G 0Y1,Canada,î‚°+1 204-326-6647
http://www.assiniboinedentalgroup.com/?utm_source=G&utm_medium=LPM&utm_campaign=DentalCorp,Assiniboine Dental Group,"îƒˆ3278 Portage Ave, Winnipeg, MB R3K 0Z1, Canada",MB R3K 0Z1,Canada,î‚°+1 431-813-7509
https://www.caredentalgroup.ca/,Care Dental Group,"îƒˆ34 Stephen St, Morden, MB R6W 2T6, Canada",MB R6W 2T6,Canada,î‚°+1 204-822-5506
http://www.riverparkdentalcentre.com/,River Park Dental Centre,"îƒˆ1500 Dakota St #2, Winnipeg, MB R2N 3Y7, Canada",MB R2N 3Y7,Canada,î‚°+1 204-255-5600
http://www.theserenitydental.com/,Serenity Dental,"îƒˆ468 St Anne's Rd A, Winnipeg, MB R2M 3E1, Canada",MB R2M 3E1,Canada,î‚°+1 204-415-5567
https://www.auradentalcentre.com/,Aura Dental Centre,"îƒˆ2401 McPhillips St #6, Winnipeg, MB R2V 3M7, Canada",MB R2V 3M7,Canada,î‚°+1 204-560-4500
http://cartierdental.ca/,Cartier Dental Centre,"îƒˆ1 Main St E #2, Elie, MB R0H 0H0, Canada",MB R0H 0H0,Canada,î‚°+1 204-353-4090
http://www.springfielddental.ca/,Springfield Dental Centre,"îƒˆ449 Main St #240, Oakbank, MB R0E 1J0, Canada",MB R0E 1J0,Canada,î‚°+1 204-444-4484
https://www.gardenoaksdentalcentre.com/?utm_source=GMB_Listing&utm_medium=organic&utm_campaign=Website_URL,Garden Oaks Dental Center - Dentist in Winnipeg,"îƒˆ2211 McPhillips St #210, Winnipeg, MB R2V 3M5, Canada",MB R2V 3M5,Canada,î‚°+1 204-338-7856
http://www.winnipegnorthdental.ca/,Winnipeg North Dental,"îƒˆ2358 McPhillips St #5, Winnipeg, MB R2V 4J6, Canada",MB R2V 4J6,Canada,î‚°+1 204-338-3003
http://www.dentalimage.ca/,Dental Image Therapy Centres Garden City,"îƒˆ2305 McPhillips St #211, Winnipeg, MB R2V 3E1, Canada",MB R2V 3E1,Canada,î‚°+1 204-334-4341
https://www.cor-dent.com/site/home?utm_source=G&utm_medium=LPM&utm_campaign=DentalCorp,Cor-Dent Dental Centre,"îƒˆ929 Corydon Ave, Winnipeg, MB R3M 0W8, Canada",MB R3M 0W8,Canada,î‚°+1 431-813-6084
http://www.corydondental.com/,Corydon Dental Centre,"îƒˆ1425 Corydon Ave #201, Winnipeg, MB R3N 2C7, Canada",MB R3N 2C7,Canada,î‚°+1 204-487-1744
https://www.seineriverdental.ca/,Seine River Dental Centre,"îƒˆ153 Centrale Ave, Ste Anne, MB R5H 1C3, Canada",MB R5H 1C3,Canada,î‚°+1 204-422-5510
http://www.imagesdentalcentre.com/,Images Dental Centre,"îƒˆ1014 St Mary's Rd #2, Winnipeg, MB R2M 3S6, Canada",MB R2M 3S6,Canada,î‚°+1 204-255-1111
https://umanitoba.ca/dentistry/,Dr. Gerald Niznick College of Dentistry,"îƒˆ790 Bannatyne Ave, Winnipeg, MB R3E 0W2, Canada",MB R3E 0W2,Canada,î‚°+1 204-789-3497
http://rivernorthdental.com/,River North Dental Centre,"îƒˆ27 Red River Blvd W Unit J, Winnipeg, MB R2V 4E2, Canada",MB R2V 4E2,Canada,î‚°+1 204-334-6000
http://ariudental.com/,Ariu Dental Centre,"îƒˆ1400 Main St, Winnipeg, MB R2W 3V2, Canada",MB R2W 3V2,Canada,î‚°+1 204-289-1555
https://ridgecrestorthodontics.com/index.php/steinbach-orthodontics/,Steinbach Orthodontics,"îƒˆ32 Brandt St, Steinbach, MB R5G 2J7, Canada",MB R5G 2J7,Canada,î‚°+1 204-326-8187
https://westbrookdental.ca/,Westbrook Dental St Marys,,Shamattawa,MB,î‚°+1 204-694-1400
https://www.ottawadentalcare.ca/,Ottawa Dental Care | Emergency & Direct Billing in Downtown,"îƒˆ170 Laurier Ave W, Ottawa, ON K1P 5J4, Canada",ON K1P 5J4,Canada,î‚°+1 343-307-5050
https://steinbachfamilymedical.com/,Steinbach Family Medical,"îƒˆ381 Stone Bridge Crossing #100, Steinbach, MB R5G 2P8, Canada",MB R5G 2P8,Canada,î‚°+1 204-326-3401
http://www.norwooddentistry.ca/,Norwood Dentistry,"îƒˆ4243 ON-7, Norwood, ON K0L 2V0, Canada",ON K0L 2V0,Canada,î‚°+1 705-639-2882
http://www.dolphindentistry.com/,Dolphin Dentistry,"îƒˆ318 McLeod St, Ottawa, ON K2P 1A3, Canada",ON K2P 1A3,Canada,î‚°+1 613-234-5758
